Ключова фраза,URL,Тег,Частотність,Конкурентність
центр эстетической медицины,,главная,40,6
центр эстетический медицины,,главная,10,4
центр косметологии и эстетической медицины,,главная,10,8
центр эстетической медицины и косметологии,,главная,10,9
эстетическая медицина центр,,главная,10,9
центр медицинской косметологии,,главная,30,4
медицинский центр современной косметологии,,главная,10,7
медицинский центр косметологии,,главная,10,11
медицинский центр эстетической косметологии,,главная,10,9
косметология медицинский центр,,главная,10,7
центр эстетической медицины днепр,,главная,1,1
уколы красоты,,инъекционная косметология,110,12
инъекционная косметология,,инъекционная косметология,70,3
уколы красоты цена,,инъекционная косметология,40,13
уколы красоты цены,,инъекционная косметология,40,13
косметические уколы для лица,,инъекционная косметология,10,12
стоимость уколов красоты,,инъекционная косметология,10,6
уколы для красоты,,инъекционная косметология,10,12
косметология уколы в лицо,,инъекционная косметология,10,12
инъекции красоты стоимость,,инъекционная косметология,10,10
омолаживающие инъекции,,инъекционная косметология,10,4
омолаживающие уколы,,инъекционная косметология,10,10
уколы красоты для лица,,инъекционная косметология,10,10
инъекции для омоложения лица,,инъекционная косметология,10,14
инъекции красоты для лица,,инъекционная косметология,10,10
инъекционная косметология услуги,,инъекционная косметология,10,1
косметология уколы красоты,,инъекционная косметология,10,10
инъекции косметология,,инъекционная косметология,10,9
инъекционная косметология цены,,инъекционная косметология,10,1
уколы красоты стоимость,,инъекционная косметология,10,7
цена уколов красоты,,инъекционная косметология,10,12
инъекции красоты цена,,инъекционная косметология,10,13
косметические инъекции,,инъекционная косметология,10,12
укол красоты стоимость,,инъекционная косметология,10,12
цены на уколы красоты,,инъекционная косметология,10,13
уколы красоты днепр,,инъекционная косметология,10,1
уколы красоты днепропетровск,,инъекционная косметология,10,1
сделать уколы красоты,,инъекционная косметология,10,3
инъекционные процедуры для лица,,инъекционная косметология,10,5
уколы омоложения,,инъекционная косметология,10,14
уколы для омоложения,,инъекционная косметология,10,13
уколы для подтяжки лица,,инъекционная косметология,10,4
уколы для подтяжки лица цена,,инъекционная косметология,10,13
омоложение лица уколы,,инъекционная косметология,10,12
ботокс для лица,,ботулинотерапия,1300,28
ботулинотерапия,,ботулинотерапия,880,13
инъекции ботокса,,ботулинотерапия,110,17
уколы ботулотоксин,,ботулинотерапия,90,18
ботулинотерапия цены,,ботулинотерапия,90,15
уколы ботоксом,,ботулинотерапия,70,21
инъекции ботоксом,,ботулинотерапия,70,17
уколы ботокса,,ботулинотерапия,70,20
инъекция ботокса,,ботулинотерапия,70,17
ботокс для лица цена,,ботулинотерапия,70,27
ботокс для лица цены,,ботулинотерапия,70,27
уколы ботокса цена,,ботулинотерапия,40,23
укол ботокса цена,,ботулинотерапия,40,27
уколы ботокс цена,,ботулинотерапия,40,22
укол ботулотоксина цена,,ботулинотерапия,40,28
укол ботокс цена,,ботулинотерапия,40,27
уколы ботулотоксина цена,,ботулинотерапия,40,27
ботокс уколы,,ботулинотерапия,40,17
ботокс лицо цена,,ботулинотерапия,30,27
ботокс лица цена,,ботулинотерапия,30,27
ботокс лица цены,,ботулинотерапия,30,27
процедура ботокса для лица,,ботулинотерапия,30,18
сколько стоит уколы ботокса,,ботулинотерапия,20,27
сколько стоят уколы ботокса,,ботулинотерапия,20,27
сколько стоит укол ботокса,,ботулинотерапия,20,28
сколько стоит ботокс для лица,,ботулинотерапия,20,28
сколько стоит укол ботулотоксина,,ботулинотерапия,20,12
сколько стоит ботокс лица,,ботулинотерапия,20,5
процедуры ботокса,,ботулинотерапия,20,24
процедура ботулотоксин,,ботулинотерапия,20,18
ботулинотерапия противопоказания,,ботулинотерапия,20,12
ботулинотерапия косметология,,ботулинотерапия,10,10
сколько стоит ботулинотерапия,,ботулинотерапия,10,3
показания к ботулинотерапии,,ботулинотерапия,10,1
ботулинотерапия стоимость процедуры,,ботулинотерапия,10,26
ботулинотерапия стоимость,,ботулинотерапия,10,26
ботулинотерапия днепр цена,,ботулинотерапия,10,1
процедура ботулинотерапия,,ботулинотерапия,10,10
эстетическая ботулинотерапия,,ботулинотерапия,10,10
уколы ботокса днепр,,ботулинотерапия,10,1
уколы ботокса днепропетровск,,ботулинотерапия,10,1
инъекции ботокса противопоказания,,ботулинотерапия,10,17
уколы от морщин на лице цена,,ботулинотерапия,10,19
ботокс инъекции стоимость,,ботулинотерапия,10,27
противопоказания к уколам ботокса,,ботулинотерапия,10,13
укол ботокса стоимость,,ботулинотерапия,10,27
стоимость укола ботокса,,ботулинотерапия,10,27
цена укола ботокса,,ботулинотерапия,10,21
уколы ботокса для лица,,ботулинотерапия,10,30
сколько стоит 1 укол ботокса,,ботулинотерапия,10,20
уколы ботокса стоимость,,ботулинотерапия,10,27
уколы ботокса в лицо,,ботулинотерапия,10,17
уколы ботокса противопоказания,,ботулинотерапия,10,16
уколы ботокса лицо,,ботулинотерапия,10,19
цена ботокс для лица,,ботулинотерапия,10,27
где сделать ботокс,,ботулинотерапия,10,10
процедура ботокса для лица цена,,ботулинотерапия,10,27
процедуры ботокса цена,,ботулинотерапия,10,27
стоимость ботокса на лице,,ботулинотерапия,10,27
сколько стоит ботокс на лицо,,ботулинотерапия,10,21
сколько стоит процедура ботокса,,ботулинотерапия,10,27
ботокс лица стоимость,,ботулинотерапия,10,27
инъекции ботокса для лица,,ботулинотерапия,10,30
ботокс цена процедуры,,ботулинотерапия,10,21
цены на инъекции ботокса,,ботулинотерапия,10,21
инъекция от морщин,,ботулинотерапия,10,15
косметология ботокс цена,,ботулинотерапия,10,21
ботулинотерапия показания,,ботулинотерапия,10,9
ботулинотерапия в косметологии цены,,ботулинотерапия,10,1
ботулинотерапия днепр,,ботулинотерапия,10,1
контурная пластика овал лица,,контурная пластика,20,13
инъекции контурная пластика,,контурная пластика,10,8
косметология контурная пластика лица,,контурная пластика,10,6
услуги контурной пластики,,контурная пластика,10,1
сделать контурную пластику лица,,контурная пластика,10,8
контурная и объемная пластика,,контурная пластика,10,6
сделать контурную пластику,,контурная пластика,10,12
контурная пластика сделать,,контурная пластика,10,13
процедура контурной пластики,,контурная пластика,10,5
контурный лифтинг,,контурная пластика,10,5
контуринг лица пластика,,контурная пластика,10,3
контурная подтяжка,,контурная пластика,10,5
контурная пластика процедура,,контурная пластика,10,5
контурная пластика для лица,,контурная пластика,10,7
контурная пластика показания,,контурная пластика,10,5
инъекции для подтяжки овала лица,,контурная пластика,10,17
моделирование контура лица,,контурная пластика,10,1
контурная пластика лица инъекции,,контурная пластика,10,5
подтяжка лица уколами,,контурная пластика,10,3
контурный лифтинг лица,,контурная пластика,10,8
что входит в контурную пластику лица,,контурная пластика,10,5
уколы для подтяжки овала лица,,контурная пластика,10,14
уколы для контура лица,,контурная пластика,10,14
коррекция лица уколами,,контурная пластика,10,7
скульптурирование лица уколы,,контурная пластика,10,4
инъекции для подтяжки лица,,контурная пластика,10,12
подтянуть овал лица уколами,,контурная пластика,10,4
уколы для овала лица,,контурная пластика,10,12
цены контурная пластика,,контурная пластика,10,2
омоложение лица уколами,,контурная пластика,10,13
омоложение лица инъекции,,контурная пластика,10,13
инъекционный лифтинг,,контурная пластика,10,18
контурное моделирование лица,,контурная пластика,10,1
коррекция лица цена,,контурная пластика,10,15
контурная пластика уколами,,контурная пластика,10,2
инъекционный лифтинг лица,,контурная пластика,10,14
контур лица уколы,,контурная пластика,10,7
лифтинг лица инъекции,,контурная пластика,10,15
лифтинг инъекции,,контурная пластика,10,18
коррекция контура лица,,контурная пластика,10,15
коррекция овала лица цена,,контурная пластика,10,13
цена контурная пластика лица,,контурная пластика,10,9
цена контурной пластики,,контурная пластика,10,6
овал лица уколы,,контурная пластика,10,8
коррекция овала лица цены,,контурная пластика,10,13
коррекция овала лица пластика,,контурная пластика,10,9
стоимость контурной пластики лица,,контурная пластика,10,9
сколько стоит коррекция лица,,контурная пластика,10,12
коррекция лица косметология,,контурная пластика,10,13
стоимость контурной пластики,,контурная пластика,10,9
коррекция контуров лица,,контурная пластика,10,6
цена на контурную пластику,,контурная пластика,10,2
биоревитализация цена,,биоревитализация,480,32
биоревитализация лица,,биоревитализация,390,32
процедура биоревитализация,,биоревитализация,90,29
процедура биоревитализации,,биоревитализация,90,29
процедуры биоревитализации,,биоревитализация,70,29
биоревитализация лица цена,,биоревитализация,50,32
цены биоревитализация,,биоревитализация,40,27
биоревитализация цена днепр,,биоревитализация,30,1
процедура биоревитализации лица,,биоревитализация,20,23
стоимость биоревитализация лица,,биоревитализация,20,27
биоревитализации кожи лица,,биоревитализация,20,29
стоимость биоревитализации,,биоревитализация,20,32
биоревитализация кожи лица,,биоревитализация,20,33
биоревитализация днепр,,биоревитализация,20,1
биоревитализация косметология,,биоревитализация,10,11
омоложение лица биоревитализация,,биоревитализация,10,9
противопоказания к биоревитализации,,биоревитализация,10,4
процедура биоревитализации цена,,биоревитализация,10,32
сколько стоит процедура биоревитализации лица,,биоревитализация,10,32
сделать биоревитализацию,,биоревитализация,10,22
где можно сделать биоревитализацию,,биоревитализация,10,14
биоревитализация цена процедуры,,биоревитализация,10,32
косметическая процедура биоревитализация,,биоревитализация,10,16
курс биоревитализации цена,,биоревитализация,10,32
косметологическая процедура биоревитализация,,биоревитализация,10,19
биоревитализация кожи лица цена,,биоревитализация,10,32
биоревитализация лица стоимость процедуры,,биоревитализация,10,32
процедура для лица биоревитализация,,биоревитализация,10,22
биоревитализация кожи,,биоревитализация,10,29
биоревитализация лица противопоказания,,биоревитализация,10,4
биоревитализация лица стоимость,,биоревитализация,10,32
биоревитализация стоимость процедуры,,биоревитализация,10,32
биоревитализация процедура,,биоревитализация,10,22
биоревитализация кожи цена,,биоревитализация,10,27
сколько стоит процедура биоревитализация,,биоревитализация,10,16
инъекционной биоревитализации лица,,биоревитализация,10,30
где сделать биоревитализацию,,биоревитализация,10,3
противопоказания при биоревитализации,,биоревитализация,10,7
противопоказания для биоревитализации,,биоревитализация,10,7
биоревитализация сколько стоит,,биоревитализация,10,32
косметическая процедура биоревитализация цена,,биоревитализация,10,10
биоревитализация подготовка к процедуре,,биоревитализация,10,1
биоревитализация уколы цена,,биоревитализация,10,32
сколько стоит биоревитализация лица,,биоревитализация,10,32
стоимость процедуры биоревитализации,,биоревитализация,10,32
сколько стоит процедура биоревитализации,,биоревитализация,10,32
показания к биоревитализации,,биоревитализация,10,6
косметология биоревитализация,,биоревитализация,10,29
уколы для лица биоревитализация,,биоревитализация,10,33
инъекции биоревитализация,,биоревитализация,10,33
цена процедуры биоревитализация,,биоревитализация,10,0
показания для биоревитализации,,биоревитализация,10,9
биоревитализация показания и противопоказания,,биоревитализация,10,4
биоревитализация лифтинг лица,,биоревитализация,10,29
цены на биоревитализацию лица,,биоревитализация,10,11
процедура биоревитализация цена,,биоревитализация,10,32
инъекционная биоревитализация цены,,биоревитализация,10,6
инъекционная биоревитализация цена,,биоревитализация,10,15
инъекционная биоревитализация,,биоревитализация,10,14
инъекционная биоревитализация лица,,биоревитализация,10,10
биоревитализация инъекционная,,биоревитализация,10,14
биоревитализация днепр цена,,биоревитализация,10,2
мезо лицо,,мезотерапия ,720,26
мезотерапия лица,,мезотерапия ,720,27
мезотерапия для лица,,мезотерапия ,140,26
мезотерапия лица цена,,мезотерапия ,110,24
мезотерапия цена,,мезотерапия ,110,24
процедура мезотерапия,,мезотерапия ,20,22
цена мезотерапия лица,,мезотерапия ,20,19
цена мезотерапии лица,,мезотерапия ,20,24
мезотерапия для лица цены,,мезотерапия ,20,24
мезотерапия для лица цена,,мезотерапия ,20,10
процедура мезо,,мезотерапия ,20,19
мезотерапия инъекции,,мезотерапия ,10,19
лечебная мезотерапия,,мезотерапия ,10,20
услуги мезотерапии,,мезотерапия ,10,9
где можно сделать мезотерапию,,мезотерапия ,10,19
инъекционная мезотерапия,,мезотерапия ,10,17
мезотерапия лица цена процедуры,,мезотерапия ,10,3
мезотерапия инъекционная,,мезотерапия ,10,0
сколько стоит мезотерапия для лица,,мезотерапия ,10,24
стоимость процедуры мезотерапия,,мезотерапия ,10,13
сделать мезотерапию,,мезотерапия ,10,13
мезотерапия косметология,,мезотерапия ,10,9
процедура мезотерапии лица,,мезотерапия ,10,26
косметология мезотерапия,,мезотерапия ,10,21
омоложение лица мезотерапия,,мезотерапия ,10,22
косметология лица мезотерапия,,мезотерапия ,10,2
процедура мезотерапия лица,,мезотерапия ,10,26
косметология мезотерапия цена,,мезотерапия ,10,3
мезотерапия лифтинг,,мезотерапия ,10,27
мезотерапия подтяжка лица,,мезотерапия ,10,24
уколы мезотерапии для лица,,мезотерапия ,10,24
показания к мезотерапии лица,,мезотерапия ,10,24
мезотерапия уколы для лица,,мезотерапия ,10,24
стоимость мезотерапия лица,,мезотерапия ,10,19
мезотерапия овала лица,,мезотерапия ,10,2
стоимость процедуры мезотерапии,,мезотерапия ,10,16
стоимость мезотерапии лица,,мезотерапия ,10,24
инъекционная мезотерапия лица,,мезотерапия ,10,12
инъекционная мезотерапия лица цена,,мезотерапия ,10,24
цена на мезотерапию,,мезотерапия ,10,16
цены на мезотерапию лица,,мезотерапия ,10,24
мезотерапия лица инъекционная,,мезотерапия ,10,16
мезотерапия лица показания,,мезотерапия ,10,16
мезотерапия противопоказания,,мезотерапия ,10,2
процедура мезотерапии цена,,мезотерапия ,10,3
цены мезотерапия лица,,мезотерапия ,10,19
сколько стоит мезотерапия,,мезотерапия ,10,25
цена на мезотерапию лица,,мезотерапия ,10,19
мезотерапия лица стоимость,,мезотерапия ,10,19
мезотерапия цена процедуры,,мезотерапия ,10,19
цены на мезотерапию,,мезотерапия ,10,19
стоимость мезотерапии для лица,,мезотерапия ,10,3
противопоказания мезотерапии лица,,мезотерапия ,10,4
противопоказания при мезотерапии лица,,мезотерапия ,10,1
мезотерапия на лице цена,,мезотерапия ,10,19
сколько стоит мезотерапия лица,,мезотерапия ,10,16
сколько стоит процедура мезотерапии,,мезотерапия ,10,19
противопоказания к мезотерапии лица,,мезотерапия ,10,6
мезотерапия лица противопоказания,,мезотерапия ,10,1
стоимость мезотерапии,,мезотерапия ,10,19
противопоказания при мезотерапии,,мезотерапия ,10,6
мезотерапия для лица противопоказания,,мезотерапия ,10,3
мезотерапия процедура,,мезотерапия ,10,11
мезотерапия показания и противопоказания,,мезотерапия ,10,3
противопоказания к мезотерапии,,мезотерапия ,10,2
уколы мезотерапии цена,,мезотерапия ,10,3
противопоказания для мезотерапии,,мезотерапия ,10,1
мезотерапия для овала лица,,мезотерапия ,10,16
prp терапия,,prp терапия,1600,6
прп терапия,,prp терапия,590,8
плазмотерапия цена,,prp терапия,40,10
плазмотерапия цены,,prp терапия,40,10
прп терапия цена,,prp терапия,30,5
уколы плазмы цена,,prp терапия,20,8
prp стоимость,,prp терапия,10,7
prp цена,,prp терапия,10,7
прп плазмотерапия,,prp терапия,10,7
плазмотерапия стоимость,,prp терапия,10,8
плазмотерапия косметология,,prp терапия,10,3
прп терапия для лица,,prp терапия,10,4
плазмолифтинг prp,,prp терапия,10,1
prp плазмотерапия,,prp терапия,10,7
сколько стоит плазмотерапия,,prp терапия,10,9
стоимость плазмотерапии,,prp терапия,10,10
процедура плазмотерапии,,prp терапия,10,16
prp омоложение,,prp терапия,10,4
прп косметология,,prp терапия,10,4
плазмолифтинг стоимость процедуры,,prp терапия,10,13
prp терапия показания,,prp терапия,10,0
процедура prp для лица,,prp терапия,10,4
плазмотерапия противопоказания,,prp терапия,10,2
prp процедура для лица,,prp терапия,10,4
плазмотерапия кожи,,prp терапия,10,9
плазмотерапия для лица стоимость,,prp терапия,10,13
процедура плазмолифтинга цена,,prp терапия,10,8
плазменное омоложение цена,,prp терапия,10,13
плазмотерапия для лица цена,,prp терапия,10,13
плазмолифтинг для лица цена,,prp терапия,10,13
сколько стоит плазмолифтинг,,prp терапия,10,10
плазмолифтинг цена 1 сеанса,,prp терапия,10,8
плазмолифтинг лица киев цена,,prp терапия,10,13
prp плазмолифтинг,,prp терапия,10,1
прп плазмолифтинг,,prp терапия,10,7
prp процедура цена,,prp терапия,10,7
плазмотерапия prp,,prp терапия,10,6
plasmolifting prp,,prp терапия,10,1
prp лифтинг,,prp терапия,10,9
плазмолифтинг в косметологии цена,,prp терапия,10,12
омоложение плазмой крови,,prp терапия,10,18
prp косметология,,prp терапия,10,3
омоложение плазмой,,prp терапия,10,16
prp терапия для лица,,prp терапия,10,4
prp терапия лицо,,prp терапия,10,0
prp терапия стоимость,,prp терапия,1,2
экзосомы,,экзосомы,1000,11
экзосомы для лица,,экзосомы,590,4
экзосомы цена,,экзосомы,70,5
экзосомы для лица цена,,экзосомы,50,3
экзосомальная терапия,,экзосомы,20,1
инъекции экзосом,,экзосомы,20,3
экзосомы в лицо,,экзосомы,10,1
инъекции экзосом цена,,экзосомы,10,3
экзосомы лечение,,экзосомы,10,4
омоложение стволовыми клетками,,стволовая клеточная терапия,40,3
омоложение с помощью стволовых клеток,,стволовая клеточная терапия,10,3
процедура омоложения стволовыми клетками,,стволовая клеточная терапия,10,3
уколы молодости стволовые клетки,,стволовая клеточная терапия,10,3
омоложение стволовыми клетками цена,,стволовая клеточная терапия,10,3
сколько стоит омоложение стволовыми клетками,,стволовая клеточная терапия,10,2
стволовые клетки омоложение стоимость,,стволовая клеточная терапия,10,2
стволовые клетки инъекции,,стволовая клеточная терапия,10,1
стволовые клетки омоложение цена,,стволовая клеточная терапия,10,2
омолаживающие процедуры со стволовыми клетками,,стволовая клеточная терапия,1,3
омоложение стволовыми клетками косметология,,стволовая клеточная терапия,1,1
стволовые клетки для омоложения кожи,,стволовая клеточная терапия,1,2
процедура омоложения собственными стволовыми клетками,,стволовая клеточная терапия,1,1
rejuran цена процедуры,,rejuran,10,10
rejuran процедура,,rejuran,1,
процедура rejuran,,rejuran,1,
реджуран инъекции,,rejuran,1,
ювидерм инъекции,,juvederm,10,10
инъекции ювидерм,,juvederm,10,13
инъекции красоты ювидерм,,juvederm,1,1
инъекции ювидерм в днепре,,juvederm,1,2
инъекции juvederm,,juvederm,1,
polyphil цена процедуры,,polyphil,1,
polyphil процедура,,polyphil,1,
процедура polyphil,,polyphil,1,
аппаратная косметология,,аппаратная косметология,320,7
аппаратная косметология днепр,,аппаратная косметология,20,2
аппаратная косметология услуги,,аппаратная косметология,10,2
аппаратная медицинская косметология,,аппаратная косметология,10,6
услуги аппаратной косметологии,,аппаратная косметология,10,2
аппаратная косметология лица и тела,,аппаратная косметология,10,2
аппаратная косметология цены,,аппаратная косметология,10,2
современная аппаратная косметология,,аппаратная косметология,10,2
аппаратная косметология цена,,аппаратная косметология,10,1
аппаратная косметология стоимость,,аппаратная косметология,10,3
косметология аппаратная,,аппаратная косметология,10,6
эффективная аппаратная косметология,,аппаратная косметология,10,8
процедуры аппаратной косметологии,,аппаратная косметология,10,7
аппаратные косметологические процедуры,,аппаратная косметология,10,7
аппаратные процедуры для лица,,аппаратные процедуры для лица,50,4
аппаратная косметология для лица,,аппаратные процедуры для лица,30,4
аппаратная процедура для лица,,аппаратные процедуры для лица,20,1
уход за лицом аппаратная косметология,,аппаратные процедуры для лица,10,5
аппаратная косметология лицо,,аппаратные процедуры для лица,10,7
аппаратная косметология лица,,аппаратные процедуры для лица,10,7
процедуры аппаратной косметологии лица,,аппаратные процедуры для лица,10,7
стоимость косметических процедур для лица,,аппаратные процедуры для лица,10,3
emface,,emface,110,
emface процедура,,emface,10,
процедура volnewmer,,volnewmer,10,
volnewmer показания,,volnewmer,1,
exion,,exion,30,1
exion face,,exion,1,
ультраформер,,ultraformer mpt,590,12
смас лифтинг ультраформер,,ultraformer mpt,40,10
ультраформер для лица,,ultraformer mpt,30,10
смас ультраформер,,ultraformer mpt,20,8
ультраформер смас лифтинг,,ultraformer mpt,20,9
ultraformer mpt цена,,ultraformer mpt,20,3
ультраформер днепр,,ultraformer mpt,20,4
ультраформер цена процедуры,,ultraformer mpt,10,10
ультраформер стоимость,,ultraformer mpt,10,6
ультраформер лица,,ultraformer mpt,10,2
smas лифтинг ultraformer,,ultraformer mpt,10,9
смас лифтинг ultraformer,,ultraformer mpt,10,9
smas лифтинг ультраформер,,ultraformer mpt,10,9
ультраформер показания,,ultraformer mpt,10,6
ультраформер mpt,,ultraformer mpt,10,N/A
mpt ultraformer,,ultraformer mpt,10,4
смас лифтинг на аппарате ультраформер,,ultraformer mpt,10,10
ultraformer мрт,,ultraformer mpt,10,N/A
ультраформер смас,,ultraformer mpt,10,9
smas ультраформер,,ultraformer mpt,10,12
smas лифтинг ultraformer mpt,,ultraformer mpt,10,2
smas лифтинг на аппарате ультраформер,,ultraformer mpt,10,12
ultraformer smas лифтинг,,ultraformer mpt,10,9
smas лифтинг на аппарате ultraformer,,ultraformer mpt,10,8
ультраформер лицо,,ultraformer mpt,10,10
ultraformer смас лифтинг,,ultraformer mpt,10,3
лифтинг ultraformer,,ultraformer mpt,10,10
ультраформер smas,,ultraformer mpt,10,8
ультраформер подтяжка лица,,ultraformer mpt,10,10
ультразвуковой smas лифтинг ultraformer,,ultraformer mpt,10,13
смас лифтинг на ультраформере,,ultraformer mpt,10,10
процедура ультраформер,,ultraformer mpt,10,7
ультраформер лифтинг,,ultraformer mpt,10,12
процедура ультраформер цена,,ultraformer mpt,10,8
аппаратная коррекция фигуры,,аппаратная косметология для тела,40,4
аппаратная косметология для тела,,аппаратная косметология для тела,10,5
аппаратная косметология по телу,,аппаратная косметология для тела,10,1
аппаратная косметология тела,,аппаратная косметология для тела,10,3
аппаратные процедуры для тела,,аппаратная косметология для тела,10,2
аппаратная косметология похудение,,аппаратная косметология для тела,10,2
аппаратные процедуры по телу,,аппаратная косметология для тела,10,2
аппаратная косметология коррекция фигуры,,аппаратная косметология для тела,10,3
аппаратные процедуры для подтяжки кожи тела,,аппаратная косметология для тела,10,5
косметологические процедуры для тела,,аппаратная косметология для тела,10,3
косметические процедуры для тела,,аппаратная косметология для тела,10,3
аппаратная коррекция тела,,аппаратная косметология для тела,10,4
аппаратные процедуры для коррекции фигуры,,аппаратная косметология для тела,10,4
emsculpt neo,,emsculpt neo,70,1
emsculpt цена,,emsculpt neo,10,2
emsculpt процедура,,emsculpt neo,10,1
emsculpt цена процедуры,,emsculpt neo,10,1
процедура emsculpt,,emsculpt neo,10,1
ультраформер тело,,ultraformer mrt тело,10,6
ультраформер по телу,,ultraformer mrt тело,10,9
ультраформер для тела,,ultraformer mrt тело,10,9
exion body,,exion body,1,
exion rf body,,exion body,1,
аппаратные процедуры для кожи лица,,,,
m22 stellar black,,m22 stellar black,1,
splendor x,,splendor x,1,
hydrafacial,,hydrafacial,1600,6
хайдрафэшл,,hydrafacial,170,2
hydrafacial процедура,,hydrafacial,90,10
чистка hydrafacial,,hydrafacial,70,6
hydrafacial цена,,hydrafacial,70,6
процедура hydrafacial,,hydrafacial,50,6
гидрофешл процедура,,hydrafacial,40,8
хайдрафэшл цена,,hydrafacial,20,3
hydrafacial чистка,,hydrafacial,20,6
чистка гидрофешл,,hydrafacial,20,6
hydrafacial противопоказания,,hydrafacial,20,1
чистка лица на аппарате hydrafacial,,hydrafacial,10,7
чистка лица хайдрафэшл,,hydrafacial,10,4
hydrafacial процедура цена,,hydrafacial,10,4
процедура для лица hydrafacial,,hydrafacial,10,10
чистка hydrafacial цена,,hydrafacial,10,2
аппаратная чистка лица hydrafacial,,hydrafacial,10,4
косметология hydrafacial,,hydrafacial,10,4
чистка лица гидрофешл,,hydrafacial,10,7
хайдрафэшл процедура цена,,hydrafacial,10,2
hydrafacial базовая процедура,,hydrafacial,10,4
хайдрафэшл чистка,,hydrafacial,10,4
hydrafacial цена процедуры,,hydrafacial,10,4
голливудская чистка hydrafacial,,hydrafacial,10,2
процедура гидро фациал,,hydrafacial,10,10
гидрофешл цена,,hydrafacial,10,4
аппаратная чистка hydrafacial,,hydrafacial,10,4
хайдер фэшн процедура,,hydrafacial,10,2
хайдра фешл процедура,,hydrafacial,10,1
хайдрафэшл стоимость,,hydrafacial,10,4
хайдрафэшл процедура,,hydrafacial,10,1
процедура хайдрафэшл,,hydrafacial,10,1
hydrafacial чистка цена,,hydrafacial,10,3
вакуумная чистка лица hydrafacial,,hydrafacial,10,4
чистка хайдрафэшл,,hydrafacial,10,6
процедура хайдра фешл,,hydrafacial,10,10
чистка лица hydrafacial,,hydrafacial,10,7
комплексная чистка hydrafacial,,hydrafacial,10,4
hydrafacial стоимость,,hydrafacial,10,5
процедура hydrafacial цена,,hydrafacial,10,4
hydrafacial чистка лица,,hydrafacial,10,7
вакуумная чистка hydrafacial,,hydrafacial,10,6
хайдра процедура для лица,,hydrafacial,10,3
процедура гидрофешл цена,,hydrafacial,10,4
процедура хайдрафэшл цена,,hydrafacial,10,4
голливудская чистка лица hydrafacial,,hydrafacial,10,3
гидрофреш процедура,,hydrafacial,10,0
хайдрафэшл противопоказания,,hydrafacial,10,1
hydrafacial стоимость процедуры,,hydrafacial,10,4
co2 лазерная шлифовка,,Acupuls co2 ,20,13
лазерная шлифовка co2 противопоказания,,Acupuls co2 ,10,12
лазерная шлифовка co2 лица,,Acupuls co2,10,13
co2 лазерная шлифовка лица,,Acupuls co2,10,13
лазерная co2 шлифовка,,Acupuls co2,10,11
лазерная шлифовка лица co2 цена,,Acupuls co2,10,17
лазерная шлифовка на аппарате co2,,Acupuls co2,10,13
лазерная шлифовка co2 цена,,Acupuls co2,10,14
лазерная шлифовка лица co2,,Acupuls co2,10,15
лазерная шлифовка co2,,Acupuls co2,10,13
шлифовка co2,,Acupuls co2,10,13
фракционная шлифовка co2,,Acupuls co2,10,12
co2 лазер шлифовка,,Acupuls co2,10,15
шлифовка co2 лазером,,Acupuls co2,10,15
шлифовка co2 цена,,Acupuls co2,10,14
co2 шлифовка цена,,Acupuls co2,10,14
шлифовка лазером co2,,Acupuls co2,10,15
шлифовка лица co2,,Acupuls co2,10,14
co2 шлифовка лица,,Acupuls co2,10,11
co2 шлифовка рубцов,,Acupuls co2,10,11
голливудская шлифовка co2,,Acupuls co2,10,8
лазер co2 шлифовка,,Acupuls co2,10,15
шлифовка лица co2 цена,,Acupuls co2,10,16
косметология интимных зон,,Аппаратная косметология для интимной зоны,10,1
интимная косметология,,Аппаратная косметология для интимной зоны,10,1
интимная косметология днепр,,Аппаратная косметология для интимной зоны,1,0
лазерная интимная косметология,,Аппаратная косметология для интимной зоны,1,4
монополярный рф лифтинг,,монополярный rf лифтинг,170,1
монополярный rf лифтинг,,монополярный rf лифтинг,10,2
rf лифтинг монополярный,,монополярный rf лифтинг,10,1
рф лифтинг монополярный,,монополярный rf лифтинг,10,2
монополярный рф лифтинг цена,,монополярный rf лифтинг,10,2
монополярный rf лифтинг днепр,,монополярный rf лифтинг,1,1
co2 сужение влагалишные мышцы,,Acupulse CO2 интимное омоложение,10,1
лазерное омоложение co2,,Acupulse CO2 интимное омоложение,10,10
co2 омоложение,,Acupulse CO2 интимное омоложение,10,6
co2 лазерное омоложение,,Acupulse CO2 интимное омоложение,10,1
co2 лазер омоложение,,Acupulse CO2 интимное омоложение,10,1
лазерная эпиляция,,лазерная эпиляция,6600,35
лазерная эпиляция днепр,,лазерная эпиляция,480,10
лазерная эпиляция цена,,лазерная эпиляция,390,21
лазерный эпиляция цена,,лазерная эпиляция,390,25
цена лазерной эпиляции,,лазерная эпиляция,70,11
эпиляция лазерная,,лазерная эпиляция,70,19
лазерная эпиляция стоимость,,лазерная эпиляция,50,10
лазерная эпиляция днепр цена,,лазерная эпиляция,50,11
лазерная эпиляция днепр цены,,лазерная эпиляция,50,10
эпиляция лазерная цены,,лазерная эпиляция,40,25
цены на лазерную эпиляцию,,лазерная эпиляция,40,22
стоимость лазерной эпиляции,,лазерная эпиляция,40,13
лазерная эпиляция волос,,лазерная эпиляция,40,23
цены лазерная эпиляция,,лазерная эпиляция,30,18
косметология лазерная эпиляция,,лазерная эпиляция,30,27
цена лазерная эпиляция,,лазерная эпиляция,30,20
эпиляция лазерная цена,,лазерная эпиляция,20,21
лазерная эпиляция стоимость процедуры,,лазерная эпиляция,10,20
услуги лазерной эпиляции,,лазерная эпиляция,10,19
лазерная эпиляция цена днепр,,лазерная эпиляция,10,1
днепропетровск лазерная эпиляция,,лазерная эпиляция,10,5
лазерная эпиляция для мужчин,,лазерная эпиляция для мужчин,170,11
лазерная эпиляция для мужчины,,лазерная эпиляция для мужчин,140,11
мужская лазерная эпиляция,,лазерная эпиляция для мужчин,90,1
лазерная эпиляция мужская,,лазерная эпиляция для мужчин,70,10
лазерная эпиляция мужчин,,лазерная эпиляция для мужчин,40,12
лазерная эпиляция мужчине,,лазерная эпиляция для мужчин,40,12
лазерная мужская эпиляция,,лазерная эпиляция для мужчин,30,11
лазерная эпиляция для мужчин днепр,,лазерная эпиляция для мужчин,30,2
лазерная эпиляция для мужчин цены,,лазерная эпиляция для мужчин,20,6
лазерная эпиляция для мужчин цена,,лазерная эпиляция для мужчин,20,11
эпиляция лазерная для мужчин,,лазерная эпиляция для мужчин,10,11
лазерная эпиляция цена для мужчин,,лазерная эпиляция для мужчин,10,11
лазерная эпиляция мужская цена,,лазерная эпиляция для мужчин,10,11
лазерное удаление волос для мужчин,,лазерная эпиляция для мужчин,10,11
мужская эпиляция лазерная,,лазерная эпиляция для мужчин,10,11
лазерное удаление волос мужчин,,лазерная эпиляция для мужчин,10,11
лазерная мужская депиляция,,лазерная эпиляция для мужчин,10,7
лазерная эпиляция волос у мужчин,,лазерная эпиляция для мужчин,10,11
эпиляция лазером для мужчин,,лазерная эпиляция для мужчин,10,11
удаление волос лазером для мужчин,,лазерная эпиляция для мужчин,10,11
лазерное удаление волос у мужчин,,лазерная эпиляция для мужчин,10,11
мужская эпиляция лазером,,лазерная эпиляция для мужчин,10,11
лазерная эпиляция мужчинам цена,,лазерная эпиляция для мужчин,10,11
мужская лазерная эпиляция цена,,лазерная эпиляция для мужчин,10,11
стоимость лазерной эпиляции для мужчин,,лазерная эпиляция для мужчин,10,10
лазерная эпиляция днепр для мужчин,,лазерная эпиляция для мужчин,1,1
лазерная эпиляция для женщин,,лазерная эпиляция для женщин,10,19
женская лазерная эпиляция,,лазерная эпиляция для женщин,10,9
лазерный эпиляция для женщин,,лазерная эпиляция для женщин,1,1
лазерная эпиляция для женщин цена,,лазерная эпиляция для женщин,1,4
лазерная эпиляция цены для женщин,,лазерная эпиляция для женщин,1,
check up 40,,check up 40,10,1
программа чек ап 40,,check up 40,1,
чек ап 40,,check up 40,1,
скрининг здоровья 40,,check up 40,1,
чек ап после 40,,check up 40,1,
чек ап 40 лет,,check up 40,1,
чек ап организма в 40 лет,,check up 40,1,
чек ап в 40 лет,,check up 40,1,
программа долголетия,,Longevity программа,10,1
здоровое долголетие программа,,Longevity программа,10,0
долголетие программа,,Longevity программа,10,1
программа долголетие,,Longevity программа,10,1
программа здоровое долголетие,,Longevity программа,1,0
программа гормональный баланс,,программа гормональный баланс,1,
iv терапия,,iv терапия,70,1
iv капельница,,iv терапия,10,2
iv терапия цена,,iv терапия,10,4
4 терапия,,iv терапия,10,1
инфузионная терапия цена,,iv терапия,10,7
внутривенная витаминная терапия,,iv терапия,10,6
внутривенная терапия,,iv терапия,10,7
капельница для выведения токсинов,,iv терапия,10,12
iv терапия противопоказания,,iv терапия,1,
терапия 4,,iv терапия,1,
нутрициолог,,нутрицевтика,3600,28
нутрициолог днепр,,нутрицевтика,70,3
врач нутрициолог,,нутрицевтика,30,22
нутрициолог консультация,,нутрицевтика,20,16
нутрициолог цена,,нутрицевтика,10,4
нутрициолог прием,,нутрицевтика,10,3
нутрициолог врач,,нутрицевтика,10,6
нутрициолог запись на приём,,нутрицевтика,10,2
нутрициолог консультация цена,,нутрицевтика,10,13
нутрициолог записаться на приём,,нутрицевтика,10,3
нутрициолог записаться,,нутрицевтика,10,21
нутрициолог услуги,,нутрицевтика,10,1
консультация нутрициолога,,нутрицевтика,10,3
консультация нутрициолога стоимость,,нутрицевтика,10,21
консультация нутрициолога цена,,нутрицевтика,10,4
услуги нутрициолога,,нутрицевтика,10,21
услуги нутрициолога цена,,нутрицевтика,10,21
нутрициолог в днепре,,нутрицевтика,1,0
нутрициолог запись на прием,,нутрицевтика,1,13
врач нутрициолог днепр,,нутрицевтика,1,3
стационар днепр,,стационар,30,1
частный стационар,,стационар,20,7
стационарное отделение,,стационар,20,2
частный стационар днепр,,стационар,10,5
стационар дневной,,стационар,10,6
лечение в дневном стационаре,,стационар,10,5
дневной стационар лечение,,стационар,10,6
стационар дневного пребывания,,стационар,10,1
услуги дневного стационара,,стационар,10,2
дневной стационар цена,,стационар,10,6
сдать анализы,,лаборатория,880,28
сдать анализы днепр,,лаборатория,390,16
анализы сдать,,лаборатория,260,25
где сдать анализы,,лаборатория,110,18
где сдать анализ,,лаборатория,90,19
частные лаборатории,,лаборатория,90,7
где можно сдать анализы,,лаборатория,70,15
частная лаборатория,,лаборатория,70,38
сдать анализы рядом,,лаборатория,50,26
лаборатория сдать анализ,,лаборатория,40,24
сдать анализы в днепре,,лаборатория,40,16
лаборатория сдать анализы,,лаборатория,40,20
лаборатории сдать анализы,,лаборатория,40,33
сколько стоит сдать анализ,,лаборатория,20,36
где можно анализы сдать,,лаборатория,10,25
сдать анализы днепр цены,,лаборатория,10,20
частные лаборатории днепр,,лаборатория,10,16
платная лаборатория,,лаборатория,10,15
уходовые процедуры для лица,,уходовые процедуры,30,2
уходовые процедуры,,уходовые процедуры,20,2
процедуры по уходу за кожей лица,,уходовые процедуры,10,5
процедуры по уходу за лицом,,уходовые процедуры,10,3
уходовая косметология,,уходовые процедуры,10,1
уходовые косметологические процедуры,,уходовые процедуры,10,3
уходовые процедуры у косметолога,,уходовые процедуры,10,4
уходовые процедуры за лицом,,уходовые процедуры,10,3
уходовые процедуры в косметологии,,уходовые процедуры,10,4
косметология уходовые процедуры,,уходовые процедуры,10,1
уходовые процедуры для лица у косметолога,,уходовые процедуры,10,3
уходовые процедуры по лицу,,уходовые процедуры,10,3
подолог днепр цены,,подолог,110,5
услуги подолога цена,,подолог,70,3
подолог цены,,подолог,70,7
прайс на услуги подолога,,подолог,50,5
днепр подолог,,подолог,20,4
сколько стоят услуги подолога,,подолог,10,7
цены на услуги подолога,,подолог,10,7
стоимость услуг подолога,,подолог,10,6
услуги подолога,,подолог,10,7
прайс на услуги подолога в днепре,,подолог,10,5
прием врача подолога,,подолог,10,16
подолог стоимость,,подолог,10,6
подолог днепропетровск,,подолог,10,3
подолог рядом со мной,,подолог,10,1
консультация подолога,,подолог,70,15
записаться к подологу,,подолог,10,15
запись к подологу,,подолог,10,15
консультация врача подолога,,подолог,10,16
подолог консультация,,подолог,10,16
подологические услуги,,подолог,10,6
врач для ногтей,,подолог,10,23
хирургия пластика,,пластическая хирургия ,20,6
услуги пластического хирурга,,пластическая хирургия ,10,6
пластическая хирургия услуги,,пластическая хирургия ,10,8
сколько стоит пластическая хирургия,,пластическая хирургия ,10,9
консультация пластического хирурга цена,,пластическая хирургия ,10,4
пластические операции цена,,пластическая хирургия ,10,12
стоимость пластической хирургии,,пластическая хирургия ,10,6
цена на пластическую операцию,,пластическая хирургия ,10,14
стоимость пластики,,пластическая хирургия ,10,14
цены пластических операций,,пластическая хирургия ,10,7
стоимость пластических операций,,пластическая хирургия ,10,9
цена пластической хирургии,,пластическая хирургия ,10,10
записаться к пластическому хирургу,,пластическая хирургия ,10,5
добавить Inbody,,,,
M22 Stellar Black добавить,,,,